{
  "src/index.ts": 1777002008.802687,
  "src/utils/session-manager.test.ts": 1777002008.806287,
  "src/utils/compat.ts": 1777002008.806287,
  "src/utils/session.ts": 1777002008.806287,
  "src/utils/polling.ts": 1777002008.806287,
  "src/utils/subagent-depth.ts": 1777002008.813487,
  "src/utils/zip-extractor.ts": 1777002008.813487,
  "src/utils/env.ts": 1777002008.806287,
  "src/utils/logger.test.ts": 1777002008.806287,
  "src/utils/system-collapse.test.ts": 1777002008.813487,
  "src/utils/session-manager.ts": 1777002008.806287,
  "src/utils/subagent-depth.test.ts": 1777002008.813487,
  "src/utils/agent-variant.test.ts": 1777002008.806287,
  "src/utils/task.test.ts": 1777002008.813487,
  "src/utils/task.ts": 1777002008.813487,
  "src/utils/logger.ts": 1777002008.806287,
  "src/utils/index.ts": 1777002008.806287,
  "src/utils/agent-variant.ts": 1777002008.806287,
  "src/utils/system-collapse.ts": 1777002008.813487,
  "src/utils/polling.test.ts": 1777002008.806287,
  "src/utils/internal-initiator.ts": 1777002008.806287,
  "src/agents/observer.ts": 1777002008.795487,
  "src/agents/council.ts": 1777002008.795487,
  "src/agents/oracle.ts": 1777002008.795487,
  "src/agents/explorer.ts": 1777002008.795487,
  "src/agents/fixer.ts": 1777002008.795487,
  "src/agents/custom.test.ts": 1777002008.795487,
  "src/agents/councillor.test.ts": 1777002008.795487,
  "src/agents/orchestrator.ts": 1777002008.795487,
  "src/agents/index.ts": 1777002008.795487,
  "src/agents/display-name.test.ts": 1777002008.795487,
  "src/agents/index.test.ts": 1777002008.795487,
  "src/agents/council.test.ts": 1777002008.795487,
  "src/agents/councillor.ts": 1777002008.795487,
  "src/agents/designer.ts": 1777002008.795487,
  "src/agents/librarian.ts": 1777002008.795487,
  "src/config/utils.ts": 1777002008.795487,
  "src/config/constants.ts": 1777002008.795487,
  "src/config/council-schema.test.ts": 1777002008.795487,
  "src/config/utils.test.ts": 1777002008.795487,
  "src/config/index.ts": 1777002008.795487,
  "src/config/schema.ts": 1777002008.795487,
  "src/config/agent-mcps.test.ts": 1777002008.795487,
  "src/config/agent-mcps.ts": 1777002008.795487,
  "src/config/council-schema.ts": 1777002008.795487,
  "src/config/loader.ts": 1777002008.795487,
  "src/config/model-resolution.test.ts": 1777002008.795487,
  "src/config/loader.test.ts": 1777002008.795487,
  "src/hooks/chat-headers.test.ts": 1777002008.799087,
  "src/hooks/index.ts": 1777002008.799087,
  "src/hooks/chat-headers.ts": 1777002008.799087,
  "src/hooks/image-hook.ts": 1777002008.799087,
  "src/hooks/foreground-fallback/index.ts": 1777002008.799087,
  "src/hooks/foreground-fallback/index.test.ts": 1777002008.799087,
  "src/hooks/delegate-task-retry/guidance.ts": 1777002008.799087,
  "src/hooks/delegate-task-retry/patterns.ts": 1777002008.799087,
  "src/hooks/delegate-task-retry/hook.ts": 1777002008.799087,
  "src/hooks/delegate-task-retry/index.ts": 1777002008.799087,
  "src/hooks/delegate-task-retry/index.test.ts": 1777002008.799087,
  "src/hooks/apply-patch/resolution.ts": 1777002008.799087,
  "src/hooks/apply-patch/hook.test.ts": 1777002008.799087,
  "src/hooks/apply-patch/test-helpers.ts": 1777002008.799087,
  "src/hooks/apply-patch/types.ts": 1777002008.799087,
  "src/hooks/apply-patch/codec.test.ts": 1777002008.799087,
  "src/hooks/apply-patch/prepared-changes.ts": 1777002008.799087,
  "src/hooks/apply-patch/resolution.test.ts": 1777002008.799087,
  "src/hooks/apply-patch/matching.test.ts": 1777002008.799087,
  "src/hooks/apply-patch/operations.test.ts": 1777002008.799087,
  "src/hooks/apply-patch/matching.ts": 1777002008.799087,
  "src/hooks/apply-patch/rewrite.ts": 1777002008.799087,
  "src/hooks/apply-patch/index.ts": 1777002008.799087,
  "src/hooks/apply-patch/execution-context.ts": 1777002008.799087,
  "src/hooks/apply-patch/patch.ts": 1777002008.799087,
  "src/hooks/apply-patch/codec.ts": 1777002008.799087,
  "src/hooks/apply-patch/errors.ts": 1777002008.799087,
  "src/hooks/apply-patch/operations.ts": 1777002008.799087,
  "src/hooks/post-file-tool-nudge/index.ts": 1777002008.799087,
  "src/hooks/post-file-tool-nudge/index.test.ts": 1777002008.799087,
  "src/hooks/auto-update-checker/types.ts": 1777002008.799087,
  "src/hooks/auto-update-checker/checker.ts": 1777002008.799087,
  "src/hooks/auto-update-checker/constants.ts": 1777002008.799087,
  "src/hooks/auto-update-checker/cache.test.ts": 1777002008.799087,
  "src/hooks/auto-update-checker/index.ts": 1777002008.799087,
  "src/hooks/auto-update-checker/cache.ts": 1777002008.799087,
  "src/hooks/auto-update-checker/index.test.ts": 1777002008.799087,
  "src/hooks/auto-update-checker/checker.test.ts": 1777002008.799087,
  "src/hooks/task-session-manager/index.ts": 1777002008.802687,
  "src/hooks/task-session-manager/index.test.ts": 1777002008.802687,
  "src/hooks/filter-available-skills/index.ts": 1777002008.799087,
  "src/hooks/filter-available-skills/index.test.ts": 1777002008.799087,
  "src/hooks/todo-continuation/todo-hygiene.ts": 1777002008.802687,
  "src/hooks/todo-continuation/todo-hygiene.test.ts": 1777002008.802687,
  "src/hooks/todo-continuation/index.ts": 1777002008.802687,
  "src/hooks/todo-continuation/index.test.ts": 1777002008.802687,
  "src/hooks/phase-reminder/index.ts": 1777002008.799087,
  "src/hooks/phase-reminder/index.test.ts": 1777002008.799087,
  "src/hooks/json-error-recovery/hook.ts": 1777002008.799087,
  "src/hooks/json-error-recovery/index.ts": 1777002008.799087,
  "src/hooks/json-error-recovery/index.test.ts": 1777002008.799087,
  "src/interview/interview.test.ts": 1777002008.802687,
  "src/interview/types.ts": 1777002008.802687,
  "src/interview/manager.ts": 1777002008.802687,
  "src/interview/parser.test.ts": 1777002008.802687,
  "src/interview/prompts.ts": 1777002008.802687,
  "src/interview/parser.ts": 1777002008.802687,
  "src/interview/manager.test.ts": 1777002008.802687,
  "src/interview/helpers.ts": 1777002008.802687,
  "src/interview/ui.ts": 1777002008.802687,
  "src/interview/dashboard.ts": 1777002008.802687,
  "src/interview/dashboard.test.ts": 1777002008.802687,
  "src/interview/server.ts": 1777002008.802687,
  "src/interview/index.ts": 1777002008.802687,
  "src/interview/helpers.test.ts": 1777002008.802687,
  "src/interview/document.ts": 1777002008.802687,
  "src/interview/service.ts": 1777002008.802687,
  "src/skills/codemap/scripts/codemap.mjs": 1777002008.806287,
  "src/skills/codemap/scripts/codemap.test.ts": 1777002008.806287,
  "src/council/council-manager.ts": 1777002008.795487,
  "src/council/index.ts": 1777002008.799087,
  "src/council/council-manager.test.ts": 1777002008.795487,
  "src/multiplexer/session-manager.test.ts": 1777002008.802687,
  "src/multiplexer/types.ts": 1777002008.802687,
  "src/multiplexer/factory.ts": 1777002008.802687,
  "src/multiplexer/session-manager.ts": 1777002008.802687,
  "src/multiplexer/index.ts": 1777002008.802687,
  "src/multiplexer/factory.test.ts": 1777002008.802687,
  "src/multiplexer/zellij/index.ts": 1777002008.802687,
  "src/multiplexer/tmux/index.ts": 1777002008.802687,
  "src/tools/council.ts": 1777002008.806287,
  "src/tools/preset-manager.test.ts": 1777002008.806287,
  "src/tools/index.ts": 1777002008.806287,
  "src/tools/council.test.ts": 1777002008.806287,
  "src/tools/preset-manager.ts": 1777002008.806287,
  "src/tools/ast-grep/utils.ts": 1777002008.806287,
  "src/tools/ast-grep/types.ts": 1777002008.806287,
  "src/tools/ast-grep/tools.ts": 1777002008.806287,
  "src/tools/ast-grep/constants.ts": 1777002008.806287,
  "src/tools/ast-grep/index.ts": 1777002008.806287,
  "src/tools/ast-grep/downloader.ts": 1777002008.806287,
  "src/tools/ast-grep/cli.ts": 1777002008.806287,
  "src/tools/smartfetch/network.test.ts": 1777002008.806287,
  "src/tools/smartfetch/utils.ts": 1777002008.806287,
  "src/tools/smartfetch/types.ts": 1777002008.806287,
  "src/tools/smartfetch/tool.test.ts": 1777002008.806287,
  "src/tools/smartfetch/constants.ts": 1777002008.806287,